{
  "test_read_data": "TypeError(\"object of type 'function' has no len()\")",
  "test_vocab": {
    "length": 7163,
    "tag2id_length": 7,
    "Spongebob": 1
  },
  "test_count_oov": {
    "dev_oov": 638,
    "test_oov": 1368
  },
  "test_prepare_data_loader": {
    "lengths": [
      110,
      16,
      32
    ]
  },
  "test_NERNet": {
    "f1": 0.8465203775443083,
    "f1_wo_o": 0.5699690206789022
  },
  "test_glove": {
    "f1": 0.8484642218895486,
    "f1_wo_o": 0.5621926060520979
  }
}