{
  "test_read_data": "TypeError(\"object of type 'function' has no len()\")",
  "test_vocab": {
    "length": 7163,
    "tag2id_length": 7,
    "Spongebob": 1
  },
  "test_count_oov": {
    "dev_oov": 638,
    "test_oov": 1368
  },
  "test_prepare_data_loader": {
    "lengths": [
      110,
      16,
      32
    ]
  },
  "test_NERNet": {
    "f1": 0.8561190149859951,
    "f1_wo_o": 0.5743856137018746
  },
  "test_glove": {
    "f1": 0.856733212671394,
    "f1_wo_o": 0.5707514162684255
  }
}